"id","title","description","price","sale_price","availability","condition","link","image_link","brand","reference"
"prod_SYw9ZoAGdr830Q","Seachem Prime (Variantes disponibles)","&nbsp;Un traitement de l‚Äôeau complet, efficace et √©conomiqueSEACHEM Prime est un conditionneur hautement concentr√© con√ßu pour le traitement de l‚Äôeau en aquarium d‚Äôeau douce comme d‚Äôeau de mer. Il neutralise instantan√©ment le chlore, la chloramine, d√©toxifie l‚Äôammoniac, les nitrites et nitrates, facilitant ainsi leur √©limination biologique via la filtration.Il s‚Äôagit d‚Äôun des conditionneurs les plus puissants du march√©, jusqu‚Äô√† 5 fois plus concentr√© que ses concurrents selon Seachem. Son action est imm√©diate, sans modifier les param√®tres de l‚Äôeau. Il favorise √©galement la production de mucus protecteur chez les poissons gr√¢ce √† ses ions essentiels.Un format √©conomique : 100 ml permettent de traiter jusqu‚Äô√† 4 000 litres d‚Äôeau, rendant ce produit id√©al pour les aquariophiles exigeants ou les grands volume.Quand et comment utiliser SEACHEM Prime :&nbsp;Lors de la mise en eau de l‚Äôaquarium ou √† chaque changement d‚Äôeau.Dosage standard : 5 ml pour 200 litres d‚Äôeau.En cas de faible taux de chlore/ammoniac et temp√©rature sup√©rieure √† 30 ¬∞C, r√©duire le dosage de moiti√©.üí° Astuce : 1 ml ‚âà 1 filetage du bouchon pour un dosage pr√©cis.","6.00 EUR","8.50 EUR","out of stock","new","https://aqua-reve.com/produits/prod_SYw9ZoAGdr830Q","https://btnyenoxsjtuydpzbapq.supabase.co/storage/v1/object/public/site-images/produits/prod_SYw9ZoAGdr830Q/1750839378694_ezgif.com-png-to-webp-converter-71.webp","SEACHEM",""
"prod_SYvd3W9eTIgRoP","SEACHEM Algae Scraper 15 cm","&nbsp;√âliminez les algues efficacement et en toute s√©curit√©
Le SEACHEM Algae Scraper 15 cm est un grattoir √† algues multifonction, id√©al pour garder les vitres de votre aquarium propres et transparentes. Con√ßu pour une utilisation sur verre ou acrylique, il est √©quip√© de trois types de lames interchangeables : m√©tallique, plastique et coussinet doux. Chaque lame est adapt√©e √† une forme d‚Äôalgue sp√©cifique, vous garantissant un nettoyage optimal sans rayer les surfaces.Gr√¢ce √† sa poign√©e ergonomique, sa forme flottante et son design blanc contrastant avec les algues, ce grattoir vous offre une exp√©rience de nettoyage intuitive, rapide et pr√©cise.S√©curit√© renforc√©e : le bo√Ætier prot√®ge la lame lorsqu‚Äôelle n‚Äôest pas utilis√©e pour √©viter toute blessure.Lames faciles √† remplacer, nettoyage simple apr√®s chaque usage.Mode d‚Äôemploi :&nbsp;Choisir la lame adapt√©e selon la surface et le type d‚Äôalgue,Gratter doucement les zones infest√©es, sans forcer,","23.00 EUR",,"in stock","new","https://aqua-reve.com/produits/prod_SYvd3W9eTIgRoP","https://btnyenoxsjtuydpzbapq.supabase.co/storage/v1/object/public/site-images/produits/prod_SYvd3W9eTIgRoP/1750838151347_ezgif.com-png-to-webp-converter-68.webp","SEACHEM",""
"prod_SYv0BqynATq8Zu","SEACHEM Aquarium cleaner - 250 ml","&nbsp;Un entretien s√ªr, rapide et efficace pour tous vos aquariumsLe SEACHEM Aquarium Cleaner est un nettoyant hautement performant, sp√©cifiquement formul√© pour les surfaces en verre, en acrylique ou autres mat√©riaux de vos aquariums et terrariums. Sans ammoniaque, il est inoffensif pour les poissons, les plantes aquatiques et les invert√©br√©s, garantissant un nettoyage s√ªr √† chaque utilisation.Sa formule puissante √©limine efficacement les r√©sidus, taches, d√©p√¥ts calcaires et traces de doigts tout en laissant les surfaces nettes et sans traces. Il s√®che rapidement pour un r√©sultat impeccable, sans besoin de rin√ßage.Ce produit convient aussi aux finitions en bois : il est recommand√© de faire un test pr√©alable sur une petite zone pour v√©rifier la compatibilit√©.Mode d‚Äôemploi :&nbsp;Appliquer une petite quantit√© de produit sur un chiffon doux et non pelucheux,Frotter d√©licatement les surfaces √† nettoyer (vitres, parois, capots, etc.).,R√©p√©ter l‚Äôop√©ration si n√©cessaire.Ne pas utiliser directement dans l‚Äôeau ou √† l‚Äôint√©rieur de l‚Äôaquarium.","11.00 EUR",,"in stock","new","https://aqua-reve.com/produits/prod_SYv0BqynATq8Zu","https://btnyenoxsjtuydpzbapq.supabase.co/storage/v1/object/public/site-images/produits/prod_SYv0BqynATq8Zu/1750836245228_ezgif.com-png-to-webp-converter-65.webp","SEACHEM",""
"prod_SYuMDx9JuryeWH","SEACHEM Clarity -100mL","&nbsp;Clarificateur universel pour eau douce et eau de mer ‚Äì s√©curis√© pour les r√©cifs et les plantes
Seachem Clarity‚Ñ¢&nbsp;est un clarificateur de finition hautement performant, con√ßu pour √©liminer toutes formes de turbidit√© dans les aquariums d‚Äôeau douce ou marine. Il utilise un polym√®re floculant avanc√© qui regroupe les micro-particules en suspension (invisibles √† l‚Äô≈ìil nu) en amas plus gros, faciles √† √©liminer par filtration m√©canique.√Ä l‚Äôajout du produit, une l√©g√®re n√©bulosit√© peut appara√Ætre, indiquant que Clarity‚Ñ¢ agit. Le r√©sultat : une eau cristalline sans danger pour les poissons, coraux, crevettes ou plantes.Mode d‚Äôemploi :&nbsp;Dosage : 1 bouchon (5 ml) pour 80 litres d‚Äôeau,Filtration obligatoire : pr√©sence d‚Äôun filtre m√©canique (ouate/perlon ou mousse fine).Effet imm√©diat : une n√©bulosit√© peut appara√Ætre dans les premi√®res minutes, preuve d‚Äôactivit√©.R√©p√©tition : ne pas surdoser. Attendre 24 h avant √©ventuelle seconde application.","8.50 EUR",,"in stock","new","https://aqua-reve.com/produits/prod_SYuMDx9JuryeWH","https://btnyenoxsjtuydpzbapq.supabase.co/storage/v1/object/public/site-images/produits/prod_SYuMDx9JuryeWH/1750833401451_ezgif.com-png-to-webp-converter-64.webp","SEACHEM",""
"prod_SYtgKuwvjPIW3v","SEACHEM Clarity 250 ml + 30 % Offerts","&nbsp;Une solution efficace pour une eau limpide et cristallineSEACHEM Clarity est un clarificateur haut de gamme utilisable en eau douce comme en eau de mer. Il emploie un agent floculant polym√®re de derni√®re g√©n√©ration qui regroupe les particules microscopiques responsables de l‚Äôeau trouble en amas plus gros, facilement √©limin√©s par la filtration m√©canique. Il s'agit du seul clarificateur universel capable de traiter tous les types de turbidit√© (particules, poussi√®res, r√©actions chimiques, etc.) en une seule application.Contrairement aux produits concurrents qui n√©cessitent plusieurs flacons selon les conditions ou les types d‚Äôaquarium, Clarity combine agents de pr√©cipitation et floculants dans une seule formule.Lors de l‚Äôutilisation, un voile diffus peut temporairement appara√Ætre, preuve que le produit agit : il rassemble les impuret√©s invisibles pour permettre leur √©limination rapide via le filtre.Mode d‚Äôemploi :&nbsp;1 bouchon (5 ml) pour 80 litres d‚Äôeau,Peut entra√Æner un l√©ger trouble initial, normal et temporaire.","15.99 EUR",,"in stock","new","https://aqua-reve.com/produits/prod_SYtgKuwvjPIW3v","https://btnyenoxsjtuydpzbapq.supabase.co/storage/v1/object/public/site-images/produits/prod_SYtgKuwvjPIW3v/1750831496800_ezgif.com-png-to-webp-converter-63.webp","SEACHEM",""
"prod_SYfAa1liMNIlMz","Jbl Thermom√®tre d'aquarium slim","&nbsp;Une pr√©cision essentielle pour le bien-√™tre de vos poissons !Le JBL Thermom√®tre Premium est un capillaire fin en verre de 15 cm, con√ßu pour offrir une mesure fiable et pr√©cise de la temp√©rature de votre aquarium. Son design simple et efficace permet une installation rapide √† l‚Äôaide d‚Äôune ventouse r√©sistante aux acides et bases, assurant une tenue parfaite sur la paroi. Sa plage de mesure √©tendue de 0 √† 50 ¬∞C en fait un outil id√©al pour les aquariums d‚Äôeau douce comme d‚Äôeau de mer.
Gr√¢ce √† sa grande pr√©cision, ce thermom√®tre aide √† maintenir une temp√©rature stable dans le bac, ce qui est crucial pour la sant√© des poissons √† sang froid, dont le m√©tabolisme d√©pend enti√®rement de la temp√©rature ambiante.","6.25 EUR",,"in stock","new","https://aqua-reve.com/produits/prod_SYfAa1liMNIlMz","https://btnyenoxsjtuydpzbapq.supabase.co/storage/v1/object/public/site-images/produits/prod_SYfAa1liMNIlMz/1750776216103_ezgif.com-png-to-webp-converter-60.webp","JBL",""
"prod_SYeMAcHGQBEu23","Jbl Spongi","&nbsp;L'accessoire indispensable pour un nettoyage sans trace !JBL Spongi est une √©ponge sp√©cialement con√ßue pour l‚Äôentretien des vitres d‚Äôaquarium ou de terrarium. Sa mati√®re neutre et sans danger pour les animaux aquatiques garantit un nettoyage efficace sans lib√©ration de substances nocives. Robuste, elle permet un usage r√©gulier sans se d√©t√©riorer et ne laisse aucune trace apr√®s son passage.Gr√¢ce √† sa prise en main facile et sa forme ergonomique, JBL Spongi est id√©ale pour nettoyer les parois internes sans effort. Elle convient aussi bien pour les aquariums d‚Äôeau douce que d‚Äôeau de mer, ainsi que pour les terrariums humides.","3.00 EUR",,"in stock","new","https://aqua-reve.com/produits/prod_SYeMAcHGQBEu23","https://btnyenoxsjtuydpzbapq.supabase.co/storage/v1/object/public/site-images/produits/prod_SYeMAcHGQBEu23/1750774654668_ezgif.com-png-to-webp-converter-58.webp","JBL",""
"prod_SYdxctWMsWRE2R","Jbl ProClean Aqua - 250mL","&nbsp;Un nettoyage s√ªr, efficace et sans danger pour vos aquariums !JBL ProClean Aqua est un nettoyant √† base d'eau sp√©cialement con√ßu pour √©liminer facilement les salissures, d√©p√¥ts calcaires et traces de doigts sur les vitres d‚Äôaquarium, les couvercles et autres surfaces en contact avec l‚Äôeau. Sa formule douce, sans substances toxiques pour les poissons et les plantes, en fait un alli√© id√©al pour l‚Äôentretien r√©gulier de votre bac.Contrairement aux produits m√©nagers classiques, JBL ProClean Aqua ne contient ni chlore, ni solvants agressifs, ce qui √©vite toute pollution de l‚Äôeau en cas de contact accidentel. Il est donc parfaitement adapt√© √† tous les types d‚Äôaquariums, y compris ceux contenant des invert√©br√©s sensibles comme les crevettes, escargots ou coraux.Composition :&nbsp;AQUA, ALCOOL D√âNAT., ACETIC ACID, SODIUM BENZOATE, PARFUM, COLORANT","6.10 EUR",,"out of stock","new","https://aqua-reve.com/produits/prod_SYdxctWMsWRE2R","https://btnyenoxsjtuydpzbapq.supabase.co/storage/v1/object/public/site-images/produits/prod_SYdxctWMsWRE2R/1750771488131_ezgif.com-optipng-4.png","JBL",""
"prod_SYd922nFTB5x4x","Jbl NovoPearl - 250ml","&nbsp;Aliment flottant √©quilibr√© pour poissons rouges et Voiles de Chine
JBL NovoPearl est un aliment complet en perles flottantes, sp√©cialement formul√© pour les poissons rouges et formes apparent√©es. Gr√¢ce √† une teneur ajust√©e en prot√©ines, une richesse en ingr√©dients v√©g√©taux et une texture digeste, il r√©pond parfaitement aux besoins nutritionnels de ces poissons issus d'eaux temp√©r√©es.Sa formule contient des algues, des l√©gumes et des prot√©ines de poisson de haute qualit√©, tout en √©vitant les farines de poisson bon march√©. Les perles flottantes sont stables 24 h dans l‚Äôeau sans se d√©sagr√©ger, permettant m√™me un nourrissage nocturne sans risque de pollution excessive.Formule enrichie :C√©r√©ales, l√©gumes, sous-produits v√©g√©taux, poisson et sous-produits de poisson, algues, levures, mollusques et crevettesAdditifs (par kg) :&nbsp;Vit. A (25 000 UI), D‚ÇÉ (2 000 UI), E (300 mg), C stabilis√©e (200 mg),Ingr√©dient compl√©mentaire : Astaxanthine (E161),Antioxydant : E306 (extrait naturel de vitamine E)Analyse :&nbsp;Prot√©ines 29 % ‚Ä¢ Lipides 5 % ‚Ä¢ Fibres 1,9 % ‚Ä¢ Cendres 10,5 %","7.00 EUR",,"in stock","new","https://aqua-reve.com/produits/prod_SYd922nFTB5x4x","https://btnyenoxsjtuydpzbapq.supabase.co/storage/v1/object/public/site-images/produits/prod_SYd922nFTB5x4x/1750769838447_ezgif.com-png-to-webp-converter-51.webp","JBL",""
"prod_SYcWKbsa1NVy6R","Jbl Spirulina - 250 ml","&nbsp;Une alimentation v√©g√©tale de qualit√©, riche en spiruline pour poissons herbivores et omnivores !JBL Spirulina Flakes est un aliment en flocons √† forte teneur en spiruline naturelle, parfaitement adapt√© aux poissons herbivores ou partiellement herbivores comme les Cichlid√©s, Crevettes, Discus, Ovovivipares et Poissons rouges. Formul√© avec des algues, l√©gumes et prot√©ines aquatiques, il favorise la digestion, la vitalit√© et l‚Äôintensit√© des couleurs.JBL privil√©gie des prot√©ines de haute qualit√© issues de poissons destin√©s √† la consommation humaine et n‚Äôutilise aucune farine de poisson bon march√©. Les antioxydants naturels et la fabrication herm√©tique permettent une meilleure conservation des vitamines.Formule enrichie :Algues, mollusques et crevettes, extraits de prot√©ines v√©g√©tales, l√©gumes, levures, poisson et sous-produits de poisson, c√©r√©ales, sous-produits v√©g√©taux.Additifs (par kg) :&nbsp;Vit. A (21 000 UI), D‚ÇÉ (2 000 UI), E (280 mg), C stabilis√©e (350 mg), Inosite (750 mg),Antioxydant : E306 (extraits de vitamine E naturels),Colorants : Aucun ajout√©Analyse :&nbsp;Prot√©ines 37 % ‚Ä¢ Lipides 6 % ‚Ä¢ Fibres 1,1 % ‚Ä¢ Cendres 7 %","9.20 EUR",,"in stock","new","https://aqua-reve.com/produits/prod_SYcWKbsa1NVy6R","https://btnyenoxsjtuydpzbapq.supabase.co/storage/v1/object/public/site-images/produits/prod_SYcWKbsa1NVy6R/1750767216319_ezgif.com-png-to-webp-converter-48.webp","JBL",""
"prod_SYagDRasedPltI","Jbl ProNovo Neon Grano XXS - 20mL","&nbsp;Mini granul√©s ultra digestes pour N√©ons et petits Characid√©s !JBL ProNovo Neon Grano XXS a √©t√© con√ßu pour r√©pondre aux besoins nutritionnels sp√©cifiques des N√©ons, T√©tras et autres petits Characid√©s. Dans leur habitat naturel d‚ÄôAm√©rique du Sud, ces poissons vivent dans des eaux pauvres en nutriments et se nourrissent d‚Äôun plancton animal et v√©g√©tal. JBL respecte ce r√©gime en associant prot√©ines d‚Äôinsectes, spiruline, l√©gumes et herbes dans des granul√©s ultra-fins.La granulom√©trie XXS est parfaitement adapt√©e √† leur petite bouche. Ce granul√© flottant ou lentement coulant est facile √† saisir sans effort et favorise une digestion optimale, r√©duisant les rejets organiques dans l‚Äôeau.Formule enrichie :Farine de saumon, germes de bl√©, farine de bl√©, farine de crevettes, farine de riz, farine de soja, prot√©ines d‚Äôinsectes (Hermetia), spiruline, √©pinards, herbes m√©diterran√©ennes, extrait de levureAdditifs (par kg) :&nbsp;Vit. A (25 000 UI), D‚ÇÉ (3 000 UI), E (300 mg), C (200 mg),Antioxydant : 1b306(i)?Colorants : Aucun ajout√©Analyse :&nbsp;Prot√©ines 39 % ‚Ä¢ Lipides 6 % ‚Ä¢ Fibres 4 % ‚Ä¢ Cendres 8 %","2.20 EUR",,"out of stock","new","https://aqua-reve.com/produits/prod_SYagDRasedPltI","https://btnyenoxsjtuydpzbapq.supabase.co/storage/v1/object/public/site-images/produits/prod_SYagDRasedPltI/1750764526033_ezgif.com-png-to-webp-converter-45.webp","JBL",""
"prod_SYaETyoVRxJyvo","jBL ProNovo Betta Grano S - 20mL","&nbsp;Granul√©s riches en prot√©ines pour une vitalit√© maximale chez les Bettas !
JBL ProNovo Betta Grano S est un aliment complet sous forme de granul√©s, sp√©cialement con√ßu pour les Combattants (Betta splendens) et autres poissons √† labyrinthe. Enrichi en farine de saumon, krill, calmar et crevettes, il stimule l‚Äô√©nergie, renforce la coloration naturelle gr√¢ce √† l‚Äôastaxanthine, et respecte les besoins carnivores de ces poissons chasseurs de surface.Sa granulom√©trie fine est parfaitement adapt√©e √† la petite bouche des Bettas. Sa formule pr√©biotique favorise la digestion, r√©duit les rejets et maintient une eau propre. Un aliment de base id√©al √† alterner avec JBL ProNovo Betta Flakes ou Insect.Formule enrichie :&nbsp;Farine de saumon, farine de riz, farine de bl√©, farine de crevettes, farine de soja, farine de calmar, farine de krill, germes de bl√©, fibres de pomme, extrait de levure.Additifs (par kg) :&nbsp;Vit. A (25 000 UI), D‚ÇÉ (3 000 UI), E (300 mg), C (200 mg),Antioxydant : 1b306(i),Colorants : Aucun ajout√©Analyse :&nbsp;Prot√©ines 43 % ‚Ä¢ Lipides 6 % ‚Ä¢ Fibres 3 % ‚Ä¢ Cendres 8 %","2.20 EUR",,"in stock","new","https://aqua-reve.com/produits/prod_SYaETyoVRxJyvo","https://btnyenoxsjtuydpzbapq.supabase.co/storage/v1/object/public/site-images/produits/prod_SYaETyoVRxJyvo/1750757948380_ezgif.com-png-to-webp-converter-41.webp","JBL",""
"prod_SYZpps9shsiQ8Q","Jbl ProNovo Betta Flakes S - 20mL","&nbsp;Flocons color√©s et adapt√©s pour les Bettas splendens !
JBL ProNovo Betta Flakes est un aliment sp√©cialement formul√© pour les Bettas (Combattants), offrant une nourriture proche de leur r√©gime naturel. Riche en prot√©ines animales (saumon, crevettes, krill, calmar), en spiruline et en astaxanthine naturelle, il favorise la croissance, la vitalit√© et une coloration intense des poissons.Les flocons flottants conviennent parfaitement √† leur comportement de chasse en surface. Une formulation pr√©biotique contribue √† une meilleure digestion et une eau plus propre. √Ä associer avec JBL ProNovo Betta Grano ou Insect pour varier les plaisirs.Formule enrichie :Farine de saumon, farine de bl√©, krill, crevettes, farine de soja, germes de bl√©, gluten de bl√©, extrait de levure, calmar, farine de riz, semoule de ma√Øs, spiruline, gomme de guar, betterave rouge.Additifs (par kg) :&nbsp;Vit. A (25 000 UI), D‚ÇÉ (3 000 UI), E (300 mg), C (200 mg),Antioxydant : 1b306(i),Colorants : Aucun ajout√©Analyse :&nbsp;Prot√©ines 43 % ‚Ä¢ Lipides 6 % ‚Ä¢ Fibres 3 % ‚Ä¢ Cendres 8 %","1.90 EUR",,"in stock","new","https://aqua-reve.com/produits/prod_SYZpps9shsiQ8Q","https://btnyenoxsjtuydpzbapq.supabase.co/storage/v1/object/public/site-images/produits/prod_SYZpps9shsiQ8Q/1750756432432_ezgif.com-png-to-webp-converter-38.webp","JBL",""
"prod_SYZOl641OOfcn5","Jbl ProNovo Red Insect Stick S - 20 ml","&nbsp;Une nutrition naturelle et v√©g√©tale pour poissons rouges en pleine sant√© !JBL ProNovo Red Insect Stick S est sp√©cialement formul√© pour les poissons rouges et leurs vari√©t√©s d‚Äô√©levage (Voiles de Chine, Com√®tes, Red Cap‚Ä¶). Ces poissons omnivores et sans estomac ont besoin d‚Äôune nourriture hautement digestible, avec une teneur mod√©r√©e en prot√©ines et une forte proportion d'ingr√©dients v√©g√©taux pour √©viter qu‚Äôils ne s‚Äôattaquent √† vos plantes aquatiques.
Enrichi en prot√©ines d‚Äôinsectes (Hermetia) et en plantes, ce stick flottant est parfaitement adapt√© √† leur m√©tabolisme lent, tout en respectant leur r√©gime omnivore. Sa formulation pr√©biotique contribue √† une digestion saine, limite les d√©chets, et garde l‚Äôeau de votre aquarium plus propre.Formule enrichie :Prot√©ines d‚Äôinsectes (Hermetia), farine de bl√©, crevettes, germes de bl√©, riz, farine de saumon, calmar, soja, extrait de levureAdditifs (par kg) : Vit. A (25 000 UI), D‚ÇÉ (3 000 UI), E (300 mg), C (200 mg),Antioxydant : 1b306(i),Colorants : Aucun ajout√©Analyse :&nbsp;Prot√©ines 42 % ‚Ä¢ Lipides 6 % ‚Ä¢ Fibres 3 % ‚Ä¢ Cendres 8 %","2.20 EUR",,"in stock","new","https://aqua-reve.com/produits/prod_SYZOl641OOfcn5","https://btnyenoxsjtuydpzbapq.supabase.co/storage/v1/object/public/site-images/produits/prod_SYZOl641OOfcn5/1750754661767_ezgif.com-png-to-webp-converter-33.webp","JBL",""
"prod_SYYzhSJGPZs3Jv","Jbl ProNovo Danio Grano XS - 20 ml","&nbsp;Une nutrition fine et √©quilibr√©e pour barbus et petits danios !
JBL ProNovo Danio Grano XS est un aliment granul√© de tr√®s petite taille, parfaitement adapt√© √† la bouche des barbus nains, danios et petits poissons actifs. √âlabor√© selon le concept JBL Sp√©cial Esp√®ce, il contient une proportion √©lev√©e de prot√©ines animales (saumon, crevettes, insectes Hermetia) et d‚Äôingr√©dients v√©g√©taux (spiruline, √©pinards, herbes), offrant un r√©gime proche de leur alimentation naturelle en Asie du Sud-Est et Afrique.
Gr√¢ce √† sa granulom√©trie extra-fine, les petits poissons peuvent l‚Äôabsorber sans difficult√©, am√©liorant l‚Äôapp√©tence et limitant le gaspillage.Formule enrichie :Farine de saumon, germes de bl√©, farine de bl√©, farine de crevettes, farine de riz, farine de soja, prot√©ines d‚Äôinsectes (Hermetia), spiruline, √©pinards, herbes m√©diterran√©ennes, extrait de levure.Additifs (par kg) :&nbsp;Vit. A (25 000 UI), D‚ÇÉ (3 000 UI), E (300 mg), C (200 mg),Antioxydant : 1b306(i),Colorants : Aucun ajout√©Analyse :&nbsp;Prot√©ines 39 % ‚Ä¢ Lipides 6 % ‚Ä¢ Fibres 4 % ‚Ä¢ Cendres 8 %","2.20 EUR",,"in stock","new","https://aqua-reve.com/produits/prod_SYYzhSJGPZs3Jv","https://btnyenoxsjtuydpzbapq.supabase.co/storage/v1/object/public/site-images/produits/prod_SYYzhSJGPZs3Jv/1750753435786_ezgif.com-png-to-webp-converter-30.webp","JBL",""
"prod_SYXsxKDKuAe8rw","Jbl ProNovo Corydoras Tab M - 100 ml","&nbsp;Des comprim√©s riches et coulants pour poissons-chats et siluriformes !JBL ProNovo Corydoras Tab M est un aliment en comprim√©s sp√©cialement con√ßu pour les Corydoras, poissons-chats cuirass√©s et autres esp√®ces de fond. Formul√© √† base de prot√©ines animales (saumon, crevettes, krill, calmar, insectes) et enrichi en ingr√©dients v√©g√©taux (spiruline, √©pinards, herbes), il assure une nutrition √©quilibr√©e et tr√®s app√©tente pour ces fouilleurs infatigables.Sa forme compacte permet un nourrissage cibl√© au fond de l‚Äôaquarium, limitant le gaspillage et la comp√©tition alimentaire avec les esp√®ces de surfaceFormule enrichie :Farine de saumon, farine de bl√©, germes de bl√©, crevettes, riz, soja, prot√©ines d‚Äôinsectes (Hermetia), farine de calmar, spiruline, √©pinards, farine de krill, extrait de levure, gluten de bl√©, herbes m√©diterran√©ennes.Additifs (par kg) :&nbsp;Vit. A (25 000 UI), D‚ÇÉ (3 000 UI), E (300 mg), C (200 mg),Antioxydant : 1b306(i)Analyse :&nbsp;Prot√©ines 39 % ‚Ä¢ Lipides 7 % ‚Ä¢ Fibres 3 % ‚Ä¢ Cendres 10 %","7.20 EUR",,"in stock","new","https://aqua-reve.com/produits/prod_SYXsxKDKuAe8rw","https://btnyenoxsjtuydpzbapq.supabase.co/storage/v1/object/public/site-images/produits/prod_SYXsxKDKuAe8rw/1750751398163_ezgif.com-png-to-webp-converter-28.webp","JBL",""
"prod_SYXXWul0ozdFiH","Jbl Pronovo Cichlid Grano S CLICK - 100 ml","Une alimentation compl√®te pour Cichlid√©s nains et scalaires tropicaux !JBL ProNovo Cichlid Grano S est un aliment granul√© de haute qualit√©, sp√©cifiquement formul√© pour les petits Cichlid√©s d‚ÄôAm√©rique du Sud (3 √† 10 cm), comme les Apistogramma, Microgeophagus ou encore les Pelvicachromis. Sa formule riche en prot√©ines animales (saumon, crevettes, krill) et compl√©t√©e par des ingr√©dients v√©g√©taux soigneusement s√©lectionn√©s (herbes m√©diterran√©ennes) garantit une croissance saine, une belle coloration, et une app√©tence optimale.Gr√¢ce √† sa composition pr√©biotique, il favorise une bonne digestion, r√©duit les d√©jections et aide √† maintenir une eau propre et stable dans l‚Äôaquarium.Formule enrichie :Farine de saumon, farine de crevettes, farine de soja, gluten de bl√©, farine de riz, farine de bl√©, farine de krill, germes de bl√©, extrait de levure, herbes m√©diterran√©ennesAdditifs (par kg) :&nbsp;Vit. A (25 000 UI), D‚ÇÉ (3 000 UI), E (300 mg), C (200 mg),Antioxydant : 1b306(i),Colorants : Aucun ajout√©Analyse :&nbsp;Prot√©ines 42 % ‚Ä¢ Lipides 8 % ‚Ä¢ Fibres 4 % ‚Ä¢ Cendres 8 %","6.20 EUR",,"in stock","new","https://aqua-reve.com/produits/prod_SYXXWul0ozdFiH","https://btnyenoxsjtuydpzbapq.supabase.co/storage/v1/object/public/site-images/produits/prod_SYXXWul0ozdFiH/1750747772290_ezgif.com-png-to-webp-converter-27.webp","JBL",""
"prod_SYWmXG7ryXgShJ","Jbl Pronovo Malawi Grano M CLICK - 250 ml","L‚Äôaliment v√©g√©tal √©quilibr√© pour Cichlid√©s brouteurs du lac Malawi
JBL ProNovo Malawi Grano M est sp√©cialement formul√© pour r√©pondre aux besoins des Cichlid√©s herbivores du lac Malawi, comme les Labidochromis, Pseudotropheus ou Tropheops. Riche en spiruline, krill, l√©gumes et fibres v√©g√©tales, ce granul√© coulant assure une alimentation proche de leur r√©gime naturel √† base de tapis algual (aufwuchs).Son effet pr√©biotique favorise une digestion optimale, limite les d√©jections et maintient une eau plus propre, tout en pr√©servant la sant√© digestive de vos poissonsFormule enrichie :Spiruline, farine de saumon, farine de crevettes, farine de bl√©, farine de riz, farine de soja, semoule de ma√Øs, germes de bl√©, gluten de bl√©, extrait de levure, flocons de pomme de terre, fibres de pomme, farine de krillAdditifs (par kg) :&nbsp;Vit. A (25 000 UI), D‚ÇÉ (3 000 UI), E (300 mg), C (200 mg) ‚Ä¢ Antioxydant : 1b306(i) ‚Ä¢ Colorants : Aucun ajout√©Analyse :&nbsp;Prot√©ines 38 % ‚Ä¢ Lipides 6 % ‚Ä¢ Fibres 3 % ‚Ä¢ Cendres 7 %","9.70 EUR",,"in stock","new","https://aqua-reve.com/produits/prod_SYWmXG7ryXgShJ","https://btnyenoxsjtuydpzbapq.supabase.co/storage/v1/object/public/site-images/produits/prod_SYWmXG7ryXgShJ/1750746475887_ezgif.com-gif-to-webp-converter.gif","JBL",""
"prod_SYJvIQgSj41W3Z","Jbl ProNovo Killifish Grano S CLICK - 100 ml","&nbsp;La nutrition cibl√©e pour Killies et Epiplatys !JBL ProNovo Killifish Grano S est un aliment granul√© sp√©cifiquement con√ßu pour r√©pondre aux besoins nutritionnels des Killifish et Epiplatys. Riche en prot√©ines animales (saumon, crevettes, insectes Hermetia) et en ingr√©dients v√©g√©taux (spiruline, √©pinards, herbes), il favorise la sant√©, la vitalit√© et les couleurs de ces poissons souvent d√©licats.Sa formulation pr√©biotique contribue √† une meilleure digestion, diminue les rejets organiques et aide √† maintenir une eau propre dans l‚Äôaquarium.Formule enrichie :Farine de saumon, germes de bl√©, farine de bl√©, crevettes, riz, soja, prot√©ines d‚Äôinsectes (Hermetia), spiruline, √©pinards, herbes m√©diterran√©ennes, extrait de levureAdditifs (par kg) :&nbsp;Vit. A (25 000 UI), D‚ÇÉ (3 000 UI), E (300 mg), C (200 mg),Antioxydant : 1b306(i),Colorants : Aucun ajout√©Analyse :&nbsp;Prot√©ines 38 % ‚Ä¢ Lipides 7 % ‚Ä¢ Fibres 4 % ‚Ä¢ Cendres 8 %","6.20 EUR",,"in stock","new","https://aqua-reve.com/produits/prod_SYJvIQgSj41W3Z","https://btnyenoxsjtuydpzbapq.supabase.co/storage/v1/object/public/site-images/produits/prod_SYJvIQgSj41W3Z/1750699326832_ezgif.com-png-to-webp-converter-25.webp","JBL",""
"prod_SYJWb3TlQHdaz2","Jbl ProNovo Fantail Grano M CLICK - 100 ml","&nbsp;L‚Äôalimentation √©quilibr√©e pour poissons rouges et Voiles de Chine
JBL ProNovo Fantail Grano M est sp√©cialement formul√© pour les poissons rouges d‚Äôornement (Oranda, Shubunkin, Voiles de Chine, Red Cap‚Ä¶), connus pour leur app√©tit... parfois destructeur envers les plantes d‚Äôaquarium. Gr√¢ce √† une forte proportion d‚Äôingr√©dients v√©g√©taux et l‚Äôajout de prot√©ines d‚Äôinsectes, cet aliment limite l‚Äôattaque des plantes tout en respectant le r√©gime naturel omnivore du poisson rouge.Sa forme en granul√©s moyens permet une ingestion lente, adapt√©e aux poissons rouges √† mobilit√© r√©duite. L‚Äôajout de pr√©biotiques favorise la digestion et contribue √† une eau plus propre, en r√©duisant les d√©jections.Formule enrichie :Farine de saumon, germes de bl√©, farine de crevettes, soja, riz, spiruline, √©pinards, herbes m√©diterran√©ennes, gomme de guar, extrait de levureAdditifs (par kg) :&nbsp;Vit. A (25 000 UI), D‚ÇÉ (3 000 UI), E (300 mg), C (200 mg),Antioxydant : 1b306(i)Analyse :&nbsp;Prot√©ines 38 % ‚Ä¢ Lipides 8 % ‚Ä¢ Fibres 4 % ‚Ä¢ Cendres 11 %","4.45 EUR",,"in stock","new","https://aqua-reve.com/produits/prod_SYJWb3TlQHdaz2","https://btnyenoxsjtuydpzbapq.supabase.co/storage/v1/object/public/site-images/produits/prod_SYJWb3TlQHdaz2/1750695845929_ezgif.com-png-to-webp-converter-23.webp","JBL",""
"prod_SYCwXrckGhGYEA","Jbl ProNovo BIts Grano S CLICK 250 ml","&nbsp;L‚Äôalimentation id√©ale pour Discus et Cichlid√©s exigeants !
JBL ProNovo Bits Grano S est sp√©cialement con√ßu pour les Discus et autres Cichlid√©s sud-am√©ricains, souvent difficiles sur le plan alimentaire. Enrichi en crevettes, krill, calmar et herbes, ce granul√© coulant reproduit un r√©gime vari√© inspir√© de leur biotope naturel, que ce soit en saison s√®che ou humide.Sa formulation pr√©biotique am√©liore la digestion, limite les d√©chets et garde l‚Äôeau propre plus longtemps. Un choix parfait pour la sant√©, la croissance et la couleur de vos poissons tropicaux sensibles.Formule enrichie :Farine de saumon, crevettes, riz, bl√©, soja, farine de calmar, krill, germes de bl√©, fibres de pomme, herbes m√©diterran√©ennes, extrait de levure.Additifs (par kg) :&nbsp;Vit. A (25 000 UI), D‚ÇÉ (3 000 UI), E (300 mg), C (200 mg)?Antioxydant : 1b306(i)Analyse :&nbsp;Prot√©ines 43 % ‚Ä¢ Lipides 6 % ‚Ä¢ Fibres 3 % ‚Ä¢ Cendres 10 %","12.99 EUR",,"in stock","new","https://aqua-reve.com/produits/prod_SYCwXrckGhGYEA","https://btnyenoxsjtuydpzbapq.supabase.co/storage/v1/object/public/site-images/produits/prod_SYCwXrckGhGYEA/1750674184508_ezgif.com-png-to-webp-converter-21.webp","JBL",""
"prod_SXq51TySjzPGxB","Jbl ProNovo Color Grano S CLICK - 100 ml","&nbsp;Intensifiez les couleurs naturelles de vos poissons tropicaux !JBL ProNovo Color Grano S est un aliment complet pour poissons d‚Äôaquarium, sp√©cialement formul√© pour rehausser la coloration de mani√®re naturelle. Gr√¢ce √† l‚Äôastaxanthine extraite de krill et spiruline, les couleurs s‚Äôintensifient sans colorants artificiels, tout en respectant le m√©tabolisme de vos poissons.Ce granul√© de taille fine (S) est parfaitement adapt√© aux petites bouches (poissons de 3 √† 10 cm) et peut √™tre utilis√© comme aliment principal ou en compl√©ment de JBL ProNovo Bel. Id√©al pour guppys, barbus, characid√©s, gouramis, combattants, poissons-perroquets, etc.Formule enrichie :Farine de saumon, krill, crevettes, farine de riz, bl√©, soja, germes de bl√©, gluten de bl√©, fibres de pomme, extrait de levure, betterave rougeAdditifs (par kg) :&nbsp;Vit. A (25 000 UI), D‚ÇÉ (3 000 UI), E (300 mg), C (200 mg),Antioxydant : 1b306(i)Analyse :&nbsp;Prot√©ines 40 % ‚Ä¢ Lipides 8 % ‚Ä¢ Fibres 3 % ‚Ä¢ Cendres 8 %","6.60 EUR",,"in stock","new","https://aqua-reve.com/produits/prod_SXq51TySjzPGxB","https://btnyenoxsjtuydpzbapq.supabase.co/storage/v1/object/public/site-images/produits/prod_SXq51TySjzPGxB/1750667127345_ezgif.com-png-to-webp-converter-17.webp","JBL",""
"prod_SXoyOJiqn282DP","Jbl ProNovo Shrimps Grano S CLICK - 100mL","&nbsp;Une alimentation cibl√©e pour crevettes naines, adapt√©e √† leurs besoins naturels !
JBL ProNovo Shrimps Grano S est un aliment sp√©cialement formul√© pour les crevettes d‚Äôeau douce comme les Caridina et Neocaridina. Ces granul√©s coulants sont enrichis en spiruline, ortie, herbes, crevettes et √©pinards, pour une nutrition √©quilibr√©e, proche du r√©gime naturel de vos invert√©br√©s.
Gr√¢ce √† sa formulation pr√©biotique, cet aliment am√©liore la digestion, r√©duit les d√©chets, et aide √† maintenir une eau plus propre, limitant ainsi la prolif√©ration des algues. Taille id√©ale pour les petites bouches, absorption facile √† proximit√© du sol.Formule enrichie :Farine d‚Äôortie, farine de crevettes, farine de saumon, germes de bl√©, riz, soja, spiruline, √©pinards, farine d‚Äôherbes, herbes m√©diterran√©ennes, gomme de guar, extrait de levureAdditifs (par kg) :&nbsp;Vit. A (25 000 UI), D‚ÇÉ (3 000 UI), E (300 mg), C (200 mg),Antioxydant : 1b306(i)Analyse :&nbsp;Prot√©ines 35 % ‚Ä¢ Lipides 5 % ‚Ä¢ Fibres 9 % ‚Ä¢ Cendres 12 %","5.20 EUR",,"in stock","new","https://aqua-reve.com/produits/prod_SXoyOJiqn282DP","https://btnyenoxsjtuydpzbapq.supabase.co/storage/v1/object/public/site-images/produits/prod_SXoyOJiqn282DP/1750583332242_ezgif.com-png-to-webp-converter-14.webp","JBL",""
"prod_SXoQoUQvP041uC","Jbl ProNovo Tab M - 100 ml","&nbsp;La tablette nutritive universelle pour nourrir poissons, crustac√©s et invert√©br√©s !JBL ProNovo Tab M est un aliment complet sous forme de comprim√©s coulants, id√©al pour nourrir une grande diversit√© de poissons et invert√©br√©s en aquarium communautaire. Parfaitement adapt√© aux esp√®ces de fond et aux petits animaux, il contient des ingr√©dients naturels comme tubifex, krill, spiruline, √©pinards, crevettes et fibres v√©g√©tales.Gr√¢ce √† sa forme compacte, chaque comprim√© peut √™tre cibl√© vers un coin pr√©cis du bac, √©vitant le gaspillage et assurant une nutrition adapt√©e pour toutes les tailles de 1 √† 20 cm.Formule enrichie :Farine de saumon, tubifex, krill, crevettes, spiruline, calmar, bl√©, soja, riz, germes de bl√©, extrait de levure, gluten de bl√©, √©pinards, fibres de pomme.Additifs (par kg) :&nbsp;Vit. A (25 000 UI), D‚ÇÉ (3 000 UI), E (300 mg), C (200 mg),Antioxydant : 1b306(i)Analyse :&nbsp;Prot√©ines 37 % ‚Ä¢ Lipides 7 % ‚Ä¢ Fibres 4 % ‚Ä¢ Cendres 9 %","9.70 EUR",,"in stock","new","https://aqua-reve.com/produits/prod_SXoQoUQvP041uC","https://btnyenoxsjtuydpzbapq.supabase.co/storage/v1/object/public/site-images/produits/prod_SXoQoUQvP041uC/1750580149176_ezgif.com-png-to-webp-converter-11.webp","JBL",""
"prod_SXnqvPiQLgCCVl","Jbl ProNovo Bel Flakes M -100mL","L‚Äôaliment de base √©quilibr√© pour tous vos poissons tropicaux omnivores !
JBL ProNovo Bel Flakes M est con√ßu pour nourrir tous les poissons d‚Äôaquarium omnivores, quelle que soit leur taille ou leur esp√®ce. Sa recette vari√©e √† base de krill, crevettes, ail et farine de seiche imite le r√©gime naturel des poissons tropicaux et favorise leur sant√©, leur vitalit√© et leurs couleurs.Avec une excellente digestibilit√© et un rapport prot√©ines/lipides optimis√© (6,3:1), cet aliment √©vite les exc√®s de graisse et soutient une croissance saine. Les flocons, qui se ramollissent rapidement, conviennent parfaitement aux poissons de 8 √† 20 cm, m√™me ceux √† petite bouche.Formule enrichie :&nbsp;Farine de saumon, krill, crevettes, calmar, spiruline, ail, levure, soja, fibres de pomme, bl√©, riz, ma√Øs, betterave, gomme de guar.Additifs (par kg) :&nbsp;Vit. A (25 000 UI), D‚ÇÉ (3 000 UI), E (300 mg), C (200 mg),Antioxydant : 1b306(i)Analyse :&nbsp;Prot√©ines 38 % ‚Ä¢ Lipides 6 % ‚Ä¢ Fibres 4 % ‚Ä¢ Cendres 7 %","6.50 EUR",,"in stock","new","https://aqua-reve.com/produits/prod_SXnqvPiQLgCCVl","https://btnyenoxsjtuydpzbapq.supabase.co/storage/v1/object/public/site-images/produits/prod_SXnqvPiQLgCCVl/1750578667125_ezgif.com-png-to-webp-converter.png","JBL",""
"prod_SXc94KLg41zLef","Amtra Plante artificielle - Bambou","Une touche naturelle, sans entretien ‚Äì id√©ale pour tous les aquariums !
Apportez une ambiance zen et v√©g√©tale √† votre aquarium avec cette plante artificielle bambou sign√©e Amtra. R√©aliste, stable et peinte √† la main, chaque pi√®ce est unique et parfaitement adapt√©e √† l‚Äôeau douce comme √† l‚Äôeau de mer.
Fabriqu√©e en r√©sine √©cologique non toxique, elle est totalement s√ªre pour vos poissons, crevettes, plantes naturelles et bact√©ries. Elle offre √©galement des cachettes naturelles pour les poissons timides ou territoriaux.","13.50 EUR",,"in stock","new","https://aqua-reve.com/produits/prod_SXc94KLg41zLef","https://btnyenoxsjtuydpzbapq.supabase.co/storage/v1/object/public/site-images/produits/prod_SXc94KLg41zLef/1750535384573_ezgif.com-png-to-webp-converter-8.webp","AMTRA",""
"prod_SXbioFrKUT3t77","Amtra Clean Procult - 50 ml","&nbsp;Amtra Clean Procult est un traitement innovant √† base de bact√©ries vivantes et de s√©diment min√©ral MK-19, capable de transformer l‚Äôensemble de votre aquarium en un puissant syst√®me de filtration naturelle pendant plusieurs heures.Il capte et fixe rapidement les polluants organiques et inorganiques, clarifie l‚Äôeau, √©limine le jaunissement et agit en profondeur pour un environnement sain, sans favoriser les algues.Solution id√©ale pour stabiliser l‚Äô√©cosyst√®me, limiter les mauvaises odeurs et pr√©server une eau cristalline durablement.Composition active :&nbsp;Bact√©ries vivantes d√©polluantes,S√©diment min√©ral MK-19 (surface poreuse ultra-fine)Dosage et mode d'emploi&nbsp;:Agitez bien le flacon avant utilisation, puis versez uniform√©ment √† la surface de l‚Äôaquarium. Une l√©g√®re turbidit√© naturelle appara√Ætra temporairement, signe que le produit agit. Celle-ci se dissipera rapidement, laissant une eau limpide.
Le d√©p√¥t min√©ral enrichi se d√©posera au fond du bac et servira d‚Äôengrais naturel pour les plantes, sans favoriser la prolif√©ration d‚Äôalgues.
50 ml traitent jusqu‚Äô√† 120 litres d‚Äôeau.","11.00 EUR",,"in stock","new","https://aqua-reve.com/produits/prod_SXbioFrKUT3t77","https://btnyenoxsjtuydpzbapq.supabase.co/storage/v1/object/public/site-images/produits/prod_SXbioFrKUT3t77/1750533159864_ezgif.com-png-to-webp-converter-7.webp","AMTRA",""
"prod_SXaCVDN0BRMyg2","Amtra Clean -150 ml","R√©duisez vos changements d‚Äôeau de 50 % gr√¢ce √† la puissance des micro-organismes naturels !
Amtra CLEAN est un conditionneur d‚Äôeau intelligent qui d√©compose biologiquement les polluants pr√©sents dans votre aquarium. Gr√¢ce √† une formule √† base de micro-organismes naturels, il √©limine efficacement l‚Äôammoniac, les nitrites et les r√©sidus organiques tout en r√©duisant les nitrates. R√©sultat : une eau claire, stable et saine, pour le bien-√™tre de vos poissons‚Ä¶ et moins d‚Äôentretien pour vous !Recommand√© par l‚Äôexpert Oliver Knott, ce traitement vous permet de r√©duire jusqu‚Äô√† 50 % les changements d‚Äôeau r√©guliers.Composition active :&nbsp;Micro-organismes naturels (formule biologique concentr√©e)Dosage&nbsp;:&nbsp;10 ml / 100 L en eau douce ou 20 ml / 100 L en eau de mer, chaque semaine.Doubler la dose apr√®s un changement d‚Äôeau ou 2 jours apr√®s un traitement.","4.99 EUR",,"in stock","new","https://aqua-reve.com/produits/prod_SXaCVDN0BRMyg2","https://btnyenoxsjtuydpzbapq.supabase.co/storage/v1/object/public/site-images/produits/prod_SXaCVDN0BRMyg2/1750531372448_ezgif.com-png-to-webp-converter-6.webp","AMTRA",""
"prod_SXZYt5U4icHy25","Amtra Pro Flake Feed  - 100 ml","Des flocons √©quilibr√©s pour une alimentation quotidienne de qualit√© !
Con√ßu pour nourrir efficacement les poissons tropicaux d‚Äôeau douce, Amtra Pro Flake Feed combine prot√©ines animales, spiruline, ail et levure de bi√®re pour un apport complet en √©nergie, en vitamines et en antioxydants. Parfait pour un usage quotidien, ce flocon l√©ger flotte longtemps sans troubler l‚Äôeau.Id√©al pour maintenir la vitalit√©, renforcer les d√©fenses naturelles et sublimer les couleurs de vos poissons.Formule enrichie :Farine de hareng, crevettes, vers (Tenebrio molitor), mycoprot√©ines, ma√Øs, spiruline, laminaire, ail, √ü-glucanes, levure de bi√®reAdditifs (par kg) :&nbsp;Vit. A (8 962 mg), D3 (0,038 mg), E (100 mg), C (450 mg),Acides amin√©s : 480 mg,Oligo-√©l√©ments : Fer, iode, mangan√®se, zinc, cuivre,Colorants &amp; antioxydantsAnalyse :&nbsp;Prot√©ines 47,5 % ‚Ä¢ Lipides 7 % ‚Ä¢ Fibres 2 % ‚Ä¢ Cendres 7 % ‚Ä¢ Humidit√© 8 %","5.70 EUR",,"in stock","new","https://aqua-reve.com/produits/prod_SXZYt5U4icHy25","https://btnyenoxsjtuydpzbapq.supabase.co/storage/v1/object/public/site-images/produits/prod_SXZYt5U4icHy25/1750525294213_ezgif.com-png-to-webp-converter-5.webp","AMTRA",""
"prod_SXZDJidQDFqgBv","Amtra Pro Chips Feed - 100 ml","&nbsp;Une nutrition compl√®te, lente √† couler, id√©ale pour les poissons exigeants !
Les chips Amtra Pro sont con√ßues pour offrir une alimentation riche et √©quilibr√©e aux poissons tropicaux. Gr√¢ce √† leur texture dense et leur vitesse de descente contr√¥l√©e, elles conviennent parfaitement aux esp√®ces de pleine eau et de fond. Une combinaison de krill, crevettes, ail et algues assure une croissance saine, une digestion optimale et des couleurs √©clatantes.
Parfait pour les poissons tropicaux gourmands ou difficiles.Formule enrichie :Froment, farine de krill, prot√©ines de poisson hydrolys√©es, farine de hareng, crevettes hydrolys√©es, ail (1 %), kelp, levure de bi√®re, huile de saumon, paprika.Additifs (par kg) :&nbsp;Vit. A (8 497 mg), D3 (0,033 mg), E (120 mg), C (79,1 mg),Fer, iode, mangan√®se, zinc, cuivre,Colorant naturel (2a161j) : 30 mgAnalyse :&nbsp;Prot√©ines 46 % ‚Ä¢ Lipides 5,3 % ‚Ä¢ Fibres 0,7 % ‚Ä¢ Cendres 2,8 % ‚Ä¢ Humidit√© 6,3 %","6.20 EUR",,"in stock","new","https://aqua-reve.com/produits/prod_SXZDJidQDFqgBv","https://btnyenoxsjtuydpzbapq.supabase.co/storage/v1/object/public/site-images/produits/prod_SXZDJidQDFqgBv/1750523374228_ezgif.com-png-to-webp-converter-4.webp","AMTRA",""
"prod_SXULddLY6jX9LM","Amtra Pro Color Flake Feed - 100 ml","&nbsp;R√©v√©lez l‚Äô√©clat naturel de vos poissons tropicaux !
Gr√¢ce √† sa formule enrichie en krill, crevettes, ail et paprika, Amtra Pro Color Flake Feed intensifie naturellement les couleurs de vos poissons tout en leur fournissant une alimentation √©quilibr√©e et hautement digeste. Ces flocons flottants sont parfaits pour une prise facile, sans pollution de l‚Äôeau.Adapt√© aux poissons tropicaux d‚Äôeau douce, ce m√©lange de prot√©ines marines et v√©g√©tales soutient la vitalit√©, renforce le syst√®me immunitaire et sublime chaque √©caille.Formule enrichie :Froment, farine de krill, prot√©ines de poisson hydrolys√©es, farine de hareng, farine de crevettes, ail (1 %), kelp, huile de saumon, paprika, levure de bi√®re.Additifs (par kg) :&nbsp;Vit. A (8 497 mg), D3 (0,033 mg), E (120 mg), C (79,1 mg),Fer, iode, mangan√®se, zinc, cuivre,Colorant naturel (2a161j) : 30 mgAnalyse :&nbsp;Prot√©ines 46 % ‚Ä¢ Lipides 5,3 % ‚Ä¢ Fibres 0,7 % ‚Ä¢ Cendres 2,8 % ‚Ä¢ Humidit√© 6,3 %&nbsp;","5.50 EUR",,"in stock","new","https://aqua-reve.com/produits/prod_SXULddLY6jX9LM","https://btnyenoxsjtuydpzbapq.supabase.co/storage/v1/object/public/site-images/produits/prod_SXULddLY6jX9LM/1750522160088_ezgif.com-png-to-webp-converter-3.webp","AMTRA",""
"prod_SXTtyk158wT1Gj","Amtra Pro Gran Micro 0.5 ‚Äì 100 ml","&nbsp;Ultra-fin, ultra-nutritif : la solution id√©ale pour les poissons les plus petits !
Sp√©cialement formul√© pour les alevins, micro-poissons et esp√®ces √† petite bouche, Amtra Pro Gran Micro 0.5 offre une granulom√©trie extra fine (~0,5 mm) et une haute densit√© nutritionnelle. Riche en prot√©ines marines, algues, vitamines et immuno-stimulants, il favorise une croissance saine et une excellente coloration.Sa texture coulante et sa digestibilit√© √©lev√©e garantissent une alimentation efficace sans gaspillage ni pollution de l‚Äôeau.Formule enrichie :Farine de hareng, mycoprot√©ine (C. glutamicum), farine de poisson, farine de crevettes, farine de vers (Tenebrio molitor), ma√Øs, ail, spiruline, laminaire, √ü-glucanes, levure de bi√®re.Additifs (par kg) :&nbsp;Vit. A (8 070 mg), D3 (0,035 mg), E (100 mg), C (425 mg),Colorant naturel (2a161j) : 26,5 mgAnalyse :&nbsp;Prot√©ines 45 % ‚Ä¢ Lipides 7,2 % ‚Ä¢ Fibres 3,5 % ‚Ä¢ Cendres 10,2 % ‚Ä¢ Humidit√© 8,5 %","4.30 EUR",,"in stock","new","https://aqua-reve.com/produits/prod_SXTtyk158wT1Gj","https://btnyenoxsjtuydpzbapq.supabase.co/storage/v1/object/public/site-images/produits/prod_SXTtyk158wT1Gj/1750504097363_ezgif.com-png-to-webp-converter-2.webp","AMTRA",""
"prod_SXTADj4Yr6ygy7","Amtra Pro Gran Micro 1.5 - 100 ml","&nbsp;Une micro-nutrition puissante pour les plus petits poissons !
Pens√© pour les poissons de petite taille, le Gran Micro 1.5 d‚ÄôAmtra offre une granulom√©trie fine parfaitement adapt√©e √† leur bouche et √† leur m√©tabolisme. Chaque micro-granul√© est charg√© en nutriments essentiels pour stimuler la croissance, la coloration et l‚Äôimmunit√© de vos poissons.
Sa formule √©quilibr√©e garantit une digestion optimale, √©vitant toute pollution de l‚Äôeau. Id√©al pour les nano-aquariums et les esp√®ces d√©licates d‚Äôeau douce.Formule enrichie :Farine de hareng, crevettes, vers (Tenebrio molitor), mycoprot√©ines, ma√Øs, spiruline, laminaire, ail, √ü-glucanes, levure de bi√®re.Additifs (par kg) : Vit. A (8 070 mg), D3 (0,035 mg), E (100 mg), C (425 mg), Colorant naturel (2a161j)Analyse : Prot√©ines 47,5 % ‚Ä¢ Lipides 4,7 % ‚Ä¢ Cellulose 1,3 % ‚Ä¢ Cendres 8,2 % ‚Ä¢ Humidit√© 7,9&nbsp;","4.20 EUR",,"in stock","new","https://aqua-reve.com/produits/prod_SXTADj4Yr6ygy7","https://btnyenoxsjtuydpzbapq.supabase.co/storage/v1/object/public/site-images/produits/prod_SXTADj4Yr6ygy7/1750502271250_ezgif.com-png-to-webp-converter.webp","AMTRA",""
"prod_SWPyRipueeU98W","Frais de port Colissimo","","7.00 EUR",,"out of stock","new","https://aqua-reve.com/produits/prod_SWPyRipueeU98W","","",""
"prod_SWPWiHZBodOcRP","Frais de port Mondial Relay","","3.50 EUR",,"out of stock","new","https://aqua-reve.com/produits/prod_SWPWiHZBodOcRP","","",""
"prod_SWO2HD6Pxm4zZP","Amtra - Cube Pro Artemia ‚Äì 100 ml","&nbsp;Un festin naturel pour poissons d‚Äôeau douce et d‚Äôeau de mer !
Offrez √† vos poissons une source de prot√©ines pure et hautement app√©tente gr√¢ce aux cubes d‚Äôart√©mias lyophilis√©s Amtra Pro. Id√©al pour stimuler l'app√©tit, renforcer les d√©fenses naturelles et intensifier la coloration de vos poissons.
Recommand√© pour les poissons exigeants, tropicaux ou marins, ce compl√©ment 100 % naturel est riche en nutriments essentiels et facile √† dig√©rer. Les cubes se dispersent parfaitement dans l‚Äôeau sans la troubler.Formule enrichie :100 % art√©mias lyophilis√©s (crevettes de saumure)
Analyse : Prot√©ines 45 % ‚Ä¢ Lipides 7 % ‚Ä¢ Fibres 3 % ‚Ä¢ Cendres 8 % ‚Ä¢ Humidit√© 10 %","5.30 EUR",,"in stock","new","https://aqua-reve.com/produits/prod_SWO2HD6Pxm4zZP","https://btnyenoxsjtuydpzbapq.supabase.co/storage/v1/object/public/site-images/produits/prod_SWO2HD6Pxm4zZP/1750250877290_Design%20sans%20titre-5.png","AMTRA",""
"prod_SWNKIf1PINt2he","Amtra Pro Soft Stick Feed ‚Äì 250 ml","&nbsp;Offrez √† vos poissons tropicaux une nutrition digne des plus grands aquariums avec Amtra Pro Soft Stick Feed. Ces sticks tendres sont con√ßus pour une digestion optimale et une assimilation maximale des nutriments. R√©sultat ? Des couleurs √©clatantes, une croissance harmonieuse et une vitalit√© au quotidien.
Enrichi en prot√©ines de qualit√©, vitamines et min√©raux essentiels, ce m√©lange est parfait pour renforcer le syst√®me immunitaire de vos compagnons aquatiques.
Convient √† la plupart des esp√®ces tropicales d‚Äôeau douce.&nbsp;Sa texture moelleuse √©vite la pollution de l‚Äôeau et assure une absorption rapide, sans gaspillage.Formule enrichie :Farine de hareng, crevettes, mycoprot√©ines, spiruline, ail, huile de saumon, bl√©, ma√Øs, levure de bi√®re.
Additifs (par kg) : Vit. A, D3, E, C ‚Ä¢ Fer, iode, zinc, mangan√®se, cuivreAnalyse : Prot√©ines 42,2 % ‚Ä¢ Lipides 6,6 % ‚Ä¢ Humidit√© 11 %","6.85 EUR",,"in stock","new","https://aqua-reve.com/produits/prod_SWNKIf1PINt2he","https://btnyenoxsjtuydpzbapq.supabase.co/storage/v1/object/public/site-images/produits/prod_SWNKIf1PINt2he/1750491412965_Design%20sans%20titre-4.png","AMTRA",""
"prod_SISiqJJyCg9c4u","Produitteste1","","12.00 EUR",,"out of stock","new","https://aqua-reve.com/produits/prod_SISiqJJyCg9c4u","","",""
"prod_S5lmouOzVzHc7P","Abonnement Survie","Le Pack Survie, c‚Äôest l‚Äôessentiel pour bien d√©buter : 1 √† 2 nourritures, un produit d‚Äôentretien, livraison offerte et 1‚ÄØ‚Ç¨ en points. Simple, utile, efficace.","14.99 EUR",,"in stock","new","https://aqua-reve.com/produits/prod_S5lmouOzVzHc7P","https://files.stripe.com/links/MDB8YWNjdF8xUXpJaVFCSWd3d2k2N2V0fGZsX2xpdmVfZm5uSWZscjBEd0xsUVNtS3BnSFR5N21L00XBD94Q8r","",""
"prod_Rt64MV7SwBTBdY","Abonnement Premium","Le Pack Premium est pens√© pour les curieux exigeants : jusqu‚Äô√† 3 nourritures, 2 soins, un produit surprise, d√©co possible, support prioritaire et 4‚ÄØ‚Ç¨ en points. Le top de l‚Äôexp√©rience aquarium.","49.99 EUR",,"out of stock","new","https://aqua-reve.com/produits/prod_Rt64MV7SwBTBdY","https://files.stripe.com/links/MDB8YWNjdF8xUXpJaVFCSWd3d2k2N2V0fGZsX2xpdmVfV0dUeWpFY1JLQWU1MEZ5YTVCTTIweUoz00wBbi3dz6","",""
"prod_Rt5aVFoLnP960q","Abonnement Basic","Le Pack Basic s‚Äôadresse aux passionn√©s : 2 √† 3 vari√©t√©s de nourriture, 1 soin ou une surprise, support prioritaire, livraison offerte et 2‚ÄØ‚Ç¨ en points. Complet, √©quilibr√©, avantageux.","24.99 EUR",,"out of stock","new","https://aqua-reve.com/produits/prod_Rt5aVFoLnP960q","https://files.stripe.com/links/MDB8YWNjdF8xUXpJaVFCSWd3d2k2N2V0fGZsX2xpdmVfTGlhRUxxTlpMY2lzOFpxcFVsZHQxa1ZF00bdqqj5rT","",""